-- phpMyAdmin SQL Dump
-- version 4.0.4
-- http://www.phpmyadmin.net
--
-- Host: 127.0.0.1
-- Generation Time: Feb 09, 2015 at 08:15 PM
-- Server version: 5.5.32-log
-- PHP Version: 5.4.16

SET SQL_MODE = "NO_AUTO_VALUE_ON_ZERO";
SET time_zone = "+00:00";


/*!40101 SET @OLD_CHARACTER_SET_CLIENT=@@CHARACTER_SET_CLIENT */;
/*!40101 SET @OLD_CHARACTER_SET_RESULTS=@@CHARACTER_SET_RESULTS */;
/*!40101 SET @OLD_COLLATION_CONNECTION=@@COLLATION_CONNECTION */;
/*!40101 SET NAMES utf8 */;

-- --------------------------------------------------------

--
-- Table structure for table `chat_private_clan`
--

DROP TABLE IF EXISTS `chat_private_clan`;
CREATE TABLE IF NOT EXISTS `chat_private_clan` (
  `id` int(10) unsigned NOT NULL,
  `clan_id` int(10) unsigned NOT NULL,
  `server` tinyint(3) unsigned NOT NULL,
  `message` varchar(55) NOT NULL,
  `timestamp` int(10) unsigned NOT NULL
) ENGINE=InnoDB DEFAULT CHARSET=utf8;

-- --------------------------------------------------------

--
-- Table structure for table `chat_private_message`
--

DROP TABLE IF EXISTS `chat_private_message`;
CREATE TABLE IF NOT EXISTS `chat_private_message` (
  `id` int(10) unsigned NOT NULL,
  `server` tinyint(3) unsigned NOT NULL,
  `sender` int(10) unsigned NOT NULL,
  `target` int(10) unsigned NOT NULL DEFAULT '0',
  `message` varchar(55) NOT NULL,
  `timestamp` int(10) unsigned NOT NULL
) ENGINE=InnoDB DEFAULT CHARSET=utf8;

-- --------------------------------------------------------

--
-- Table structure for table `chat_public_lobby`
--

DROP TABLE IF EXISTS `chat_public_lobby`;
CREATE TABLE IF NOT EXISTS `chat_public_lobby` (
  `id` int(10) unsigned NOT NULL AUTO_INCREMENT,
  `server` tinyint(4) NOT NULL,
  `channel_id` tinyint(4) NOT NULL,
  `sender_id` int(10) unsigned NOT NULL,
  `target_all` tinyint(1) NOT NULL DEFAULT '0',
  `message` varchar(55) NOT NULL,
  `timestamp` int(10) unsigned NOT NULL,
  PRIMARY KEY (`id`)
) ENGINE=InnoDB DEFAULT CHARSET=utf8 AUTO_INCREMENT=1 ;

-- --------------------------------------------------------

--
-- Table structure for table `chat_public_room`
--

DROP TABLE IF EXISTS `chat_public_room`;
CREATE TABLE IF NOT EXISTS `chat_public_room` (
  `id` int(10) unsigned NOT NULL AUTO_INCREMENT,
  `server` tinyint(3) unsigned NOT NULL,
  `channel_id` tinyint(3) unsigned NOT NULL,
  `sender_id` int(10) unsigned NOT NULL,
  `room_id` tinyint(3) unsigned NOT NULL,
  `team_side` tinyint(1) NOT NULL,
  `target_all` tinyint(1) NOT NULL DEFAULT '0',
  `message` varchar(55) NOT NULL,
  `timestamp` int(10) unsigned NOT NULL,
  PRIMARY KEY (`id`)
) ENGINE=InnoDB DEFAULT CHARSET=utf8 AUTO_INCREMENT=1 ;

-- --------------------------------------------------------

--
-- Table structure for table `game_levels_gained`
--

DROP TABLE IF EXISTS `game_levels_gained`;
CREATE TABLE IF NOT EXISTS `game_levels_gained` (
  `id` int(10) unsigned NOT NULL,
  `user_id` int(10) unsigned NOT NULL,
  `game_id` int(10) unsigned NOT NULL,
  `current_level` tinyint(3) unsigned NOT NULL,
  `levels_gained` tinyint(3) unsigned NOT NULL,
  `timestamp` int(10) unsigned NOT NULL
) ENGINE=InnoDB DEFAULT CHARSET=utf8;

-- --------------------------------------------------------

--
-- Table structure for table `item_equipment`
--

DROP TABLE IF EXISTS `item_equipment`;
CREATE TABLE IF NOT EXISTS `item_equipment` (
  `code` varchar(4) CHARACTER SET utf8 COLLATE utf8_bin NOT NULL,
  `class1` varchar(15) CHARACTER SET utf8 COLLATE utf8_bin NOT NULL DEFAULT '0,0,0,0,0,0,0,0',
  `class2` varchar(15) CHARACTER SET utf8 COLLATE utf8_bin NOT NULL DEFAULT '0,0,0,0,0,0,0,0',
  `class3` varchar(15) CHARACTER SET utf8 COLLATE utf8_bin NOT NULL DEFAULT '0,0,0,0,0,0,0,0',
  `class4` varchar(15) CHARACTER SET utf8 COLLATE utf8_bin NOT NULL DEFAULT '0,0,0,0,0,0,0,0',
  `class5` varchar(15) CHARACTER SET utf8 COLLATE utf8_bin NOT NULL DEFAULT '0,0,0,0,0,0,0,0',
  PRIMARY KEY (`code`)
) ENGINE=InnoDB DEFAULT CHARSET=utf8;

--
-- Dumping data for table `item_equipment`
--

INSERT INTO `item_equipment` (`code`, `class1`, `class2`, `class3`, `class4`, `class5`) VALUES
('D001', '0,0,0,0,0,0,1', '0,0,0,0,0,0,1', '0,0,0,0,0,0,1', '0,0,0,0,0,0,1', '0,0,0,0,0,0,1'),
('D101', '0,0,0,0,0,0,0', '0,0,0,0,0,0,0', '0,0,0,0,0,0,0', '0,0,0,0,0,0,0', '0,0,0,0,0,0,0'),
('D501', '0,0,0,0,0,0,0', '0,0,0,0,0,0,0', '0,0,0,0,0,0,0', '0,0,0,0,0,0,0', '0,0,0,0,0,0,0'),
('D502', '0,0,0,0,0,0,0', '0,0,0,0,0,0,0', '0,0,0,0,0,0,0', '0,0,0,0,0,0,0', '0,0,0,0,0,0,0'),
('D601', '0,0,0,0,0,0,0', '0,0,0,0,0,0,0', '0,0,0,0,0,0,0', '0,0,0,0,0,0,0', '0,0,0,0,0,0,0'),
('D602', '0,0,0,0,0,0,0', '0,0,0,0,0,0,0', '0,0,0,0,0,0,0', '0,0,0,0,0,0,0', '0,0,0,0,0,0,0'),
('D701', '0,0,0,0,0,0,0', '0,0,0,0,0,0,0', '0,0,0,0,0,0,0', '0,0,0,0,0,0,0', '0,0,0,0,0,0,0'),
('D702', '0,0,0,0,0,0,0', '0,0,0,0,0,0,0', '0,0,0,0,0,0,0', '0,0,0,0,0,0,0', '0,0,0,0,0,0,0'),
('D801', '0,0,0,0,0,0,0', '0,0,0,0,0,0,0', '0,0,0,0,0,0,0', '0,0,0,0,0,0,0', '0,0,0,0,0,0,0'),
('D802', '0,0,0,0,0,0,0', '0,0,0,0,0,0,0', '0,0,0,0,0,0,0', '0,0,0,0,0,0,0', '0,0,0,0,0,0,0'),
('D901', '0,0,0,0,0,0,0', '0,0,0,0,0,0,0', '0,0,0,0,0,0,0', '0,0,0,0,0,0,0', '0,0,0,0,0,0,0'),
('D902', '0,0,0,0,0,0,0', '0,0,0,0,0,0,0', '0,0,0,0,0,0,0', '0,0,0,0,0,0,0', '0,0,0,0,0,0,0'),
('DA01', '1,0,0,0,0,0,0', '1,0,0,0,0,0,0', '1,0,0,0,0,0,0', '1,0,0,0,0,0,0', '1,0,0,0,0,0,0'),
('DA02', '1,0,0,0,0,0,0', '1,0,0,0,0,0,0', '1,0,0,0,0,0,0', '1,0,0,0,0,0,0', '1,0,0,0,0,0,0'),
('DA03', '1,0,0,0,0,0,0', '1,0,0,0,0,0,0', '1,0,0,0,0,0,0', '1,0,0,0,0,0,0', '1,0,0,0,0,0,0'),
('DA04', '1,0,0,0,0,0,0', '1,0,0,0,0,0,0', '1,0,0,0,0,0,0', '1,0,0,0,0,0,0', '1,0,0,0,0,0,0'),
('DA05', '1,0,0,0,0,0,0', '1,0,0,0,0,0,0', '1,0,0,0,0,0,0', '1,0,0,0,0,0,0', '1,0,0,0,0,0,0'),
('DA10', '1,0,0,0,0,0,0', '1,0,0,0,0,0,0', '1,0,0,0,0,0,0', '1,0,0,0,0,0,0', '1,0,0,0,0,0,0'),
('DA20', '1,0,0,0,0,0,0', '1,0,0,0,0,0,0', '1,0,0,0,0,0,0', '1,0,0,0,0,0,0', '1,0,0,0,0,0,0'),
('DB01', '0,1,0,0,0,0,0', '0,1,0,0,0,0,0', '0,1,0,0,0,0,0', '0,1,0,0,0,0,0', '0,1,0,0,0,0,0'),
('DB02', '0,1,0,0,0,0,0', '0,1,0,0,0,0,0', '0,1,0,0,0,0,0', '0,1,0,0,0,0,0', '0,1,0,0,0,0,0'),
('DB03', '0,1,0,0,0,0,0', '0,1,0,0,0,0,0', '0,1,0,0,0,0,0', '0,1,0,0,0,0,0', '0,1,0,0,0,0,0'),
('DB04', '0,1,0,0,0,0,0', '0,1,0,0,0,0,0', '0,1,0,0,0,0,0', '0,1,0,0,0,0,0', '0,1,0,0,0,0,0'),
('DB05', '0,1,0,0,0,0,0', '0,1,0,0,0,0,0', '0,1,0,0,0,0,0', '0,1,0,0,0,0,0', '0,1,0,0,0,0,0'),
('DB06', '0,1,0,0,0,0,0', '0,1,0,0,0,0,0', '0,1,0,0,0,0,0', '0,1,0,0,0,0,0', '0,1,0,0,0,0,0'),
('DB07', '0,1,0,0,0,0,0', '0,1,0,0,0,0,0', '0,1,0,0,0,0,0', '0,1,0,0,0,0,0', '0,1,0,0,0,0,0'),
('DB08', '0,1,0,0,0,0,0', '0,1,0,0,0,0,0', '0,1,0,0,0,0,0', '0,1,0,0,0,0,0', '0,1,0,0,0,0,0'),
('DB09', '0,1,0,0,0,0,0', '0,1,0,0,0,0,0', '0,1,0,0,0,0,0', '0,1,0,0,0,0,0', '0,1,0,0,0,0,0'),
('DC01', '0,0,0,0,0,0,0', '0,0,0,0,0,0,0', '0,0,0,0,0,0,0', '0,0,1,0,1,0,0', '0,0,0,0,0,0,0'),
('DC02', '0,0,0,0,0,0,0', '0,0,0,0,0,0,0', '0,0,0,0,0,0,0', '0,0,1,0,1,0,0', '0,0,0,0,0,0,0'),
('DC03', '0,0,0,0,0,0,0', '0,0,0,0,0,0,0', '0,0,0,0,0,0,0', '0,0,1,0,1,0,0', '0,0,0,0,0,0,0'),
('DC04', '0,0,0,0,0,0,0', '0,0,0,0,0,0,0', '0,0,0,0,0,0,0', '0,0,1,0,1,0,0', '0,0,0,0,0,0,0'),
('DC05', '0,0,0,0,0,0,0', '0,0,0,0,0,0,0', '0,0,0,0,0,0,0', '0,0,1,0,1,0,0', '0,0,0,0,0,0,0'),
('DC06', '0,0,0,0,0,0,0', '0,0,0,0,0,0,0', '0,0,0,0,0,0,0', '0,0,1,0,1,0,0', '0,0,0,0,0,0,0'),
('DC07', '0,0,0,0,0,0,0', '0,0,0,0,0,0,0', '0,0,0,0,0,0,0', '0,0,1,0,1,0,0', '0,0,0,0,0,0,0'),
('DC08', '0,0,0,0,0,0,0', '0,0,0,0,0,0,0', '0,0,0,0,0,0,0', '0,0,1,0,1,0,0', '0,0,0,0,0,0,0'),
('DC09', '0,0,0,0,0,0,0', '0,0,0,0,0,0,0', '0,0,0,0,0,0,0', '0,0,1,0,1,0,0', '0,0,0,0,0,0,0'),
('DC10', '0,0,0,0,0,0,0', '0,0,0,0,0,0,0', '0,0,0,0,0,0,0', '0,0,1,0,1,0,0', '0,0,0,0,0,0,0'),
('DC11', '0,0,0,0,0,0,0', '0,0,0,0,0,0,0', '0,0,0,0,0,0,0', '0,0,1,0,1,0,0', '0,0,0,0,0,0,0'),
('DC12', '0,0,0,0,0,0,0', '0,0,0,0,0,0,0', '0,0,0,0,0,0,0', '0,0,1,0,1,0,0', '0,0,0,0,0,0,0'),
('DD01', '0,0,1,0,1,0,0', '0,0,1,0,1,0,0', '0,0,0,0,0,0,0', '0,0,1,0,1,0,0', '0,0,0,0,0,0,0'),
('DD02', '0,0,1,0,1,0,0', '0,0,1,0,1,0,0', '0,0,0,0,0,0,0', '0,0,1,0,1,0,0', '0,0,0,0,0,0,0'),
('DD03', '0,0,1,0,1,0,0', '0,0,1,0,1,0,0', '0,0,0,0,0,0,0', '0,0,1,0,1,0,0', '0,0,0,0,0,0,0'),
('DE01', '0,0,0,0,0,0,0', '0,0,0,0,0,0,0', '0,0,0,0,0,0,0', '0,0,1,0,1,0,0', '0,0,0,0,0,0,0'),
('DE02', '0,0,0,0,0,0,0', '0,0,0,0,0,0,0', '0,0,0,0,0,0,0', '0,0,1,0,1,0,0', '0,0,0,0,0,0,0'),
('DF01', '0,0,1,0,1,0,0', '0,0,1,0,1,0,0', '0,0,0,0,0,0,0', '0,0,0,0,0,0,0', '0,0,0,0,0,0,0'),
('DF02', '0,0,1,0,1,0,0', '0,0,1,0,1,0,0', '0,0,0,0,0,0,0', '0,0,0,0,0,0,0', '0,0,0,0,0,0,0'),
('DF03', '0,0,1,0,1,0,0', '0,0,1,0,1,0,0', '0,0,0,0,0,0,0', '0,0,0,0,0,0,0', '0,0,0,0,0,0,0'),
('DF04', '0,0,1,0,1,0,0', '0,0,1,0,1,0,0', '0,0,0,0,0,0,0', '0,0,0,0,0,0,0', '0,0,0,0,0,0,0'),
('DF05', '0,0,1,0,1,0,0', '0,0,1,0,1,0,0', '0,0,0,0,0,0,0', '0,0,0,0,0,0,0', '0,0,0,0,0,0,0'),
('DF06', '0,0,1,0,1,0,0', '0,0,1,0,1,0,0', '0,0,0,0,0,0,0', '0,0,0,0,0,0,0', '0,0,0,0,0,0,0'),
('DF07', '0,0,1,0,1,0,0', '0,0,1,0,1,0,0', '0,0,0,0,0,0,0', '0,0,0,0,0,0,0', '0,0,0,0,0,0,0'),
('DF08', '0,0,1,0,1,0,0', '0,0,1,0,1,0,0', '0,0,0,0,0,0,0', '0,0,0,0,0,0,0', '0,0,0,0,0,0,0'),
('DF09', '0,0,1,0,1,0,0', '0,0,1,0,1,0,0', '0,0,0,0,0,0,0', '0,0,0,0,0,0,0', '0,0,0,0,0,0,0'),
('DF10', '0,0,1,0,1,0,0', '0,0,1,0,1,0,0', '0,0,0,0,0,0,0', '0,0,0,0,0,0,0', '0,0,0,0,0,0,0'),
('DF11', '0,0,1,0,1,0,0', '0,0,1,0,1,0,0', '0,0,0,0,0,0,0', '0,0,0,0,0,0,0', '0,0,0,0,0,0,0'),
('DG01', '0,0,0,0,0,0,0', '0,0,0,0,0,0,0', '0,0,1,0,0,0,0', '0,0,0,0,0,0,0', '0,0,0,0,0,0,0'),
('DG02', '0,0,0,0,0,0,0', '0,0,0,0,0,0,0', '0,0,1,0,0,0,0', '0,0,0,0,0,0,0', '0,0,0,0,0,0,0'),
('DG03', '0,0,0,0,0,0,0', '0,0,0,0,0,0,0', '0,0,1,0,0,0,0', '0,0,0,0,0,0,0', '0,0,0,0,0,0,0'),
('DG04', '0,0,0,0,0,0,0', '0,0,0,0,0,0,0', '0,0,1,0,0,0,0', '0,0,0,0,0,0,0', '0,0,0,0,0,0,0'),
('DG05', '0,0,0,0,0,0,0', '0,0,0,0,0,0,0', '0,0,1,0,0,0,0', '0,0,0,0,0,0,0', '0,0,0,0,0,0,0'),
('DG06', '0,0,0,0,0,0,0', '0,0,0,0,0,0,0', '0,0,1,0,0,0,0', '0,0,0,0,0,0,0', '0,0,0,0,0,0,0'),
('DG07', '0,0,0,0,0,0,0', '0,0,0,0,0,0,0', '0,0,1,0,0,0,0', '0,0,0,0,0,0,0', '0,0,0,0,0,0,0'),
('DG08', '0,0,0,0,0,0,0', '0,0,0,0,0,0,0', '0,0,1,0,0,0,0', '0,0,0,0,0,0,0', '0,0,0,0,0,0,0'),
('DG09', '0,0,0,0,0,0,0', '0,0,0,0,0,0,0', '0,0,1,0,0,0,0', '0,0,0,0,0,0,0', '0,0,0,0,0,0,0'),
('DG10', '0,0,0,0,0,0,0', '0,0,0,0,0,0,0', '0,0,1,0,0,0,0', '0,0,0,0,0,0,0', '0,0,0,0,0,0,0'),
('DG11', '0,0,0,0,0,0,0', '0,0,0,0,0,0,0', '0,0,1,0,0,0,0', '0,0,0,0,0,0,0', '0,0,0,0,0,0,0'),
('DG12', '0,0,0,0,0,0,0', '0,0,0,0,0,0,0', '0,0,1,0,0,0,0', '0,0,0,0,0,0,0', '0,0,0,0,0,0,0'),
('DH01', '0,0,0,0,0,0,0', '0,0,0,0,0,0,0', '0,0,0,0,0,0,0', '0,0,0,0,1,0,0', '0,0,0,0,0,0,0'),
('DH02', '0,0,0,0,0,0,0', '0,0,0,0,0,0,0', '0,0,0,0,0,0,0', '0,0,0,0,1,0,0', '0,0,0,0,0,0,0'),
('DI01', '0,0,0,0,1,0,0', '0,0,0,0,1,0,0', '0,0,0,0,0,0,0', '0,0,0,0,1,0,0', '0,0,0,0,0,0,0'),
('DI02', '0,0,0,0,1,0,0', '0,0,0,0,1,0,0', '0,0,0,0,0,0,0', '0,0,0,0,1,0,0', '0,0,0,0,0,0,0'),
('DJ01', '0,0,0,0,0,0,0', '0,0,0,0,0,0,0', '0,0,0,0,0,0,0', '0,0,0,0,0,0,0', '0,0,1,0,1,0,0'),
('DJ02', '0,0,0,0,0,0,0', '0,0,0,0,0,0,0', '0,0,0,0,0,0,0', '0,0,0,0,0,0,0', '0,0,1,0,1,0,0'),
('DJ03', '0,0,0,0,0,0,0', '0,0,0,0,0,0,0', '0,0,0,0,0,0,0', '0,0,0,0,0,0,0', '0,0,1,0,1,0,0'),
('DJ04', '0,0,0,0,0,0,0', '0,0,0,0,0,0,0', '0,0,0,0,0,0,0', '0,0,0,0,0,0,0', '0,0,1,0,1,0,0'),
('DK01', '0,0,0,0,0,0,0', '0,0,0,0,0,0,0', '0,0,0,0,0,0,0', '0,0,0,0,0,0,0', '0,0,1,0,1,0,0'),
('DK02', '0,0,0,0,0,0,0', '0,0,0,0,0,0,0', '0,0,0,0,0,0,0', '0,0,0,0,0,0,0', '0,0,1,0,1,0,0'),
('DL01', '0,0,0,0,0,0,0', '0,0,0,0,0,0,0', '0,0,0,0,0,0,0', '0,0,0,0,0,0,0', '0,0,0,1,0,0,0'),
('DL02', '0,0,0,0,0,0,0', '0,0,0,0,0,0,0', '0,0,0,0,0,0,0', '0,0,0,0,0,0,0', '0,0,0,1,0,0,0'),
('DM01', '0,0,0,0,1,0,0', '0,0,0,0,1,0,0', '0,0,0,0,0,0,0', '0,0,0,0,0,0,0', '0,0,0,0,1,0,0'),
('DN01', '0,0,0,0,0,0,0', '0,0,0,0,0,0,0', '0,0,0,1,0,0,0', '0,0,0,1,0,0,0', '0,0,0,0,0,0,0'),
('DO01', '0,0,0,0,1,0,0', '0,0,0,0,1,0,0', '0,0,0,0,1,0,0', '0,0,0,0,1,0,0', '0,0,0,0,1,0,0'),
('DO02', '0,0,0,0,1,0,0', '0,0,0,0,1,0,0', '0,0,0,0,1,0,0', '0,0,0,0,1,0,0', '0,0,0,0,1,0,0'),
('DO03', '0,0,0,0,1,0,0', '0,0,0,0,1,0,0', '0,0,0,0,1,0,0', '0,0,0,0,1,0,0', '0,0,0,0,1,0,0'),
('DP01', '0,0,0,0,0,1,0', '0,0,0,0,0,0,0', '0,0,0,0,0,0,0', '0,0,0,0,0,0,0', '0,0,0,0,0,0,0'),
('DP02', '0,0,0,0,0,1,0', '0,0,0,0,0,0,0', '0,0,0,0,0,0,0', '0,0,0,0,0,0,0', '0,0,0,0,0,0,0'),
('DP03', '0,0,0,0,0,1,0', '0,0,0,0,0,0,0', '0,0,0,0,0,0,0', '0,0,0,0,0,0,0', '0,0,0,0,0,0,0'),
('DP04', '0,0,0,0,0,1,0', '0,0,0,0,0,0,0', '0,0,0,0,0,0,0', '0,0,0,0,0,0,0', '0,0,0,0,0,0,0'),
('DQ01', '0,0,0,0,0,0,0', '0,0,0,1,0,0,0', '0,0,0,0,0,0,0', '0,0,0,0,0,0,0', '0,0,0,0,0,0,0'),
('DQ02', '0,0,0,0,0,0,0', '0,0,0,1,0,0,0', '0,0,0,0,0,0,0', '0,0,0,0,0,0,0', '0,0,0,0,0,0,0'),
('DQ03', '0,0,0,0,0,0,0', '0,0,0,1,0,0,0', '0,0,0,0,0,0,0', '0,0,0,0,0,0,0', '0,0,0,0,0,0,0'),
('DR01', '0,0,0,1,0,0,0', '0,0,0,0,0,0,0', '0,0,0,0,0,0,0', '0,0,0,0,0,0,0', '0,0,0,0,0,0,0'),
('DR02', '0,0,0,1,0,0,0', '0,0,0,0,0,0,0', '0,0,0,0,0,0,0', '0,0,0,0,0,0,0', '0,0,0,0,0,0,0'),
('DS01', '0,0,0,0,0,1,0', '0,0,0,0,0,1,0', '0,0,0,0,0,1,0', '0,0,0,0,0,1,0', '0,0,0,0,0,1,0'),
('DS02', '0,0,0,0,0,1,0', '0,0,0,0,0,1,0', '0,0,0,0,0,1,0', '0,0,0,0,0,1,0', '0,0,0,0,0,1,0'),
('DS03', '0,0,0,0,0,1,0', '0,0,0,0,0,1,0', '0,0,0,0,0,1,0', '0,0,0,0,0,1,0', '0,0,0,0,0,1,0'),
('DS05', '0,0,0,0,0,1,0', '0,0,0,0,0,1,0', '0,0,0,0,0,1,0', '0,0,0,0,0,1,0', '0,0,0,0,0,1,0'),
('DS10', '0,0,0,0,0,1,0', '0,0,0,0,0,1,0', '0,0,0,0,0,1,0', '0,0,0,0,0,1,0', '0,0,0,0,0,1,0'),
('DT01', '0,0,0,0,0,0,0', '0,0,0,0,0,0,0', '0,0,0,0,0,0,0', '0,0,0,0,0,0,0', '0,0,0,0,1,0,0'),
('DT02', '0,0,0,0,0,0,0', '0,0,0,0,0,0,0', '0,0,0,0,0,0,0', '0,0,0,0,0,0,0', '0,0,0,0,1,0,0'),
('DT03', '0,0,0,0,0,0,0', '0,0,0,0,0,0,0', '0,0,0,0,0,0,0', '0,0,0,0,0,0,0', '0,0,0,0,1,0,0'),
('DT04', '0,0,0,0,0,0,0', '0,0,0,0,0,0,0', '0,0,0,0,0,0,0', '0,0,0,0,0,0,0', '0,0,0,0,1,0,0'),
('DU01', '0,0,0,0,0,1,0', '0,0,0,0,0,0,0', '0,0,0,0,0,0,0', '0,0,0,0,0,0,0', '0,0,0,0,0,0,0'),
('DU02', '0,0,0,0,0,1,0', '0,0,0,0,0,0,0', '0,0,0,0,0,0,0', '0,0,0,0,0,0,0', '0,0,0,0,0,0,0'),
('DU03', '0,0,0,0,0,1,0', '0,0,0,0,0,0,0', '0,0,0,0,0,0,0', '0,0,0,0,0,0,0', '0,0,0,0,0,0,0'),
('DV01', '0,0,0,0,0,0,0', '0,0,0,0,0,1,0', '0,0,0,0,0,0,0', '0,0,0,0,0,0,0', '0,0,0,0,0,0,0'),
('DW01', '0,0,0,0,0,0,0', '0,0,0,0,0,0,0', '0,0,0,0,0,0,0', '0,0,0,0,0,0,0', '0,0,0,0,0,0,0'),
('DW02', '0,0,0,0,0,0,0', '0,0,0,0,0,0,0', '0,0,0,0,0,0,0', '0,0,0,0,0,0,0', '0,0,0,0,0,0,0'),
('DW03', '0,0,0,0,0,0,0', '0,0,0,0,0,0,0', '0,0,0,0,0,0,0', '0,0,0,0,0,0,0', '0,0,0,0,0,0,0'),
('DW04', '0,0,0,0,0,0,0', '0,0,0,0,0,0,0', '0,0,0,0,0,0,0', '0,0,0,0,0,0,0', '0,0,0,0,0,0,0'),
('DX01', '0,0,0,0,0,0,0', '0,0,0,0,0,0,0', '0,0,0,0,0,1,0', '0,0,0,0,0,0,0', '0,0,0,0,0,0,0'),
('DX02', '0,0,0,0,0,0,0', '0,0,0,0,0,0,0', '0,0,0,0,0,1,0', '0,0,0,0,0,0,0', '0,0,0,0,0,0,0'),
('DZ01', '0,0,0,0,0,0,0', '0,0,0,0,0,0,0', '0,0,0,0,0,0,0', '0,0,0,0,0,0,0', '0,0,0,0,0,1,0');

-- --------------------------------------------------------

--
-- Table structure for table `item_extra`
--

DROP TABLE IF EXISTS `item_extra`;
CREATE TABLE IF NOT EXISTS `item_extra` (
  `id` smallint(5) unsigned NOT NULL,
  `code` varchar(4) CHARACTER SET utf8 COLLATE utf8_bin NOT NULL,
  `active` tinyint(1) NOT NULL DEFAULT '0',
  `name` varchar(50) CHARACTER SET utf8 COLLATE utf8_bin NOT NULL,
  PRIMARY KEY (`id`)
) ENGINE=InnoDB DEFAULT CHARSET=utf8;

--
-- Dumping data for table `item_extra`
--

INSERT INTO `item_extra` (`id`, `code`, `active`, `name`) VALUES
(0, 'CA01', 1, 'SLOT_5TH'),
(1, 'CA02', 0, 'SLOT_6TH'),
(2, 'CA03', 0, 'SLOT_7TH'),
(3, 'CA04', 0, 'SLOT_8TH'),
(4, 'CB01', 0, 'CHG_NICK'),
(5, 'CB02', 0, 'CHG_CLANNICK'),
(6, 'CB03', 1, 'INI_KILLDEATH'),
(7, 'CC01', 1, 'CROSSHAIR01'),
(8, 'CC02', 1, 'SUPERMASTER'),
(9, 'CC03', 0, 'UP_EXP'),
(10, 'CC04', 0, 'UP_DINAR'),
(11, 'CC05', 1, 'UP_DOUBLE'),
(12, 'CC06', 1, 'CROSSHAIR02'),
(13, 'CC07', 1, 'CROSSHAIR03'),
(14, 'CC08', 1, 'CROSSHAIR04'),
(15, 'CC09', 0, 'ENGINEER_PKG'),
(16, 'CC10', 0, 'MEDIC_PKG'),
(17, 'CC11', 0, 'PATROL_PKG'),
(18, 'CC12', 0, 'ASSULT_PKG'),
(19, 'CC13', 0, 'ANTITANK_PKG'),
(20, 'CC14', 0, 'WRSUPER_PKG'),
(21, 'CC15', 0, 'PDA'),
(22, 'CD01', 1, 'EXP_30UP_SET'),
(23, 'CD02', 1, 'EXP_20UP_SET'),
(24, 'CE01', 1, 'DINAR_20UP_SET'),
(25, 'CE02', 1, 'DINAR_30UP_SET'),
(26, 'CF01', 1, 'SP_10UP_SET'),
(27, 'CF02', 1, 'SP_5UP_SET'),
(28, 'CG01', 0, 'SNIPER_SCOPE'),
(29, 'CG02', 0, 'ASSAULT_SCOPE'),
(30, 'CH01', 1, 'COMPRESS_BANDAGE'),
(31, 'CI01', 0, 'RELOAD_UP'),
(32, 'CJ01', 1, 'EXTRA_AMMO1'),
(33, 'CJ02', 1, 'EXTRA_AMMO2');

-- --------------------------------------------------------

--
-- Table structure for table `item_shop`
--

DROP TABLE IF EXISTS `item_shop`;
CREATE TABLE IF NOT EXISTS `item_shop` (
  `code` varchar(4) CHARACTER SET utf8 COLLATE utf8_bin NOT NULL,
  `buyable` tinyint(1) NOT NULL DEFAULT '0',
  `req_level` tinyint(3) unsigned NOT NULL DEFAULT '1',
  `req_premium` tinyint(1) NOT NULL DEFAULT '0',
  `add_dinar` varchar(64) CHARACTER SET utf8 COLLATE utf8_bin NOT NULL,
  `cost` varchar(64) CHARACTER SET utf8 COLLATE utf8_bin NOT NULL,
  PRIMARY KEY (`code`)
) ENGINE=InnoDB DEFAULT CHARSET=utf8;

--
-- Dumping data for table `item_shop`
--

INSERT INTO `item_shop` (`code`, `buyable`, `req_level`, `req_premium`, `add_dinar`, `cost`) VALUES
('CA01', 1, 0, 0, '-1,-1,-1,-1,-1', '-1,-1,-1,22000,-1'),
('CA02', 0, 0, 0, '-1,-1,-1,-1,-1', '-1,-1,-1,-1,-1'),
('CA03', 0, 0, 0, '-1,-1,-1,-1,-1', '-1,-1,-1,-1,-1'),
('CA04', 0, 0, 0, '-1,-1,-1,-1,-1', '-1,-1,-1,22000,-1'),
('CB01', 0, 0, 0, '-1', '9800'),
('CB02', 0, 0, 0, '-1,-1,-1,-1,-1', '-1,-1,-1,-1,-1'),
('CB03', 0, 0, 0, '-1', '33000'),
('CC01', 1, 0, 0, '-1,-1,-1,-1,-1', '-1,4800,-1,8400,-1'),
('CC02', 1, 0, 0, '-1,-1,-1,-1,-1', '4400,-1,9200,14000,-1'),
('CC03', 0, 0, 0, '-1,-1,-1,-1,-1', '-1,-1,-1,-1,-1'),
('CC04', 0, 0, 0, '-1,-1,-1,-1,-1', '-1,-1,-1,-1,-1'),
('CC05', 1, 0, 0, '-1,-1,-1,-1,-1', '-1,-1,20000,40000,-1'),
('CC06', 1, 0, 0, '-1,-1,-1,-1,-1', '-1,4800,-1,8400,-1'),
('CC07', 1, 0, 0, '-1,-1,-1,-1,-1', '-1,4800,-1,8400,-1'),
('CC08', 1, 0, 0, '-1,-1,-1,-1,-1', '-1,4800,-1,8400,-1'),
('CC09', 0, 0, 0, '-1,-1,-1,-1,-1', '-1,-1,-1,4300,-1'),
('CC10', 0, 0, 0, '-1,-1,-1,-1,-1', '-1,-1,-1,3800,-1'),
('CC11', 0, 0, 0, '-1,-1,-1,-1,-1', '-1,-1,-1,3100,-1'),
('CC12', 0, 0, 0, '-1,-1,-1,-1,-1', '-1,-1,-1,3800,-1'),
('CC13', 0, 0, 0, '-1,-1,-1,-1,-1', '-1,-1,-1,3800,-1'),
('CC14', 0, 0, 0, '-1,-1,-1,-1,-1', '-1,-1,6400,11200,-1'),
('CC15', 0, 0, 0, '-1,-1,-1,-1,-1', '12,-1,2300,3400,-1'),
('CD01', 1, 0, 0, '-1,-1,-1,-1,-1', '-1,-1,16500,33000,-1'),
('CD02', 1, 0, 0, '-1,-1,-1,-1,-1', '-1,-1,10800,13200,-1'),
('CE01', 0, 0, 0, '-1,-1,-1,-1,-1', '700,-1,1800,3300,-1'),
('CE02', 0, 0, 0, '-1,-1,-1,-1,-1', '1000,-1,2700,4900,-1'),
('CF01', 1, 0, 0, '-1,-1,-1,-1,-1', '-1,-1,10800,13200,-1'),
('CF02', 1, 0, 0, '-1,-1,-1,-1,-1', '-1,-1,5600,7000,-1'),
('CG01', 0, 0, 0, '-1,-1,-1,-1,-1', '-1,-1,7200,11200,-1'),
('CG02', 0, 0, 0, '-1,-1,-1,-1,-1', '-1,-1,7200,11200,-1'),
('CH01', 1, 0, 0, '-1,-1,-1,-1,-1', '-1,-1,7200,11200,-1'),
('CI01', 0, 0, 0, '-1,-1,-1,-1,-1', '900,-1,1800,2800,-1'),
('CJ01', 1, 0, 0, '-1,-1,-1,-1,-1', '-1,-1,7200,11200,-1'),
('CJ02', 1, 0, 0, '-1,-1,-1,-1,-1', '-1,-1,7200,11200,-1'),
('D001', 0, 0, 0, '-1,-1,-1,-1,-1', '-1,-1,-1,-1,-1'),
('D101', 1, 0, 0, '-1,-1,-1,-1,-1', '-1,-1,7200,11200,-1'),
('D501', 0, 0, 0, '-1,-1,-1,-1,-1', '2500,4200,7200,13200,-1'),
('D502', 0, 0, 0, '-1,-1,-1,-1,-1', '-1,-1,-1,22000,-1'),
('D601', 0, 0, 0, '-1,-1,-1,-1,-1', '-1,-1,-1,30000,-1'),
('D602', 0, 0, 0, '-1,-1,-1,-1,-1', '4200,8250,16500,33000,-1'),
('D701', 0, 0, 0, '-1,-1,-1,-1,-1', '-1,-1,-1,29000,-1'),
('D702', 0, 0, 0, '-1,-1,-1,-1,-1', '-1,-1,-1,33000,-1'),
('D801', 0, 0, 0, '-1,-1,-1,-1,-1', '4000,7000,11500,19000,-1'),
('D802', 0, 0, 0, '-1,-1,-1,-1,-1', '-1,-1,-1,13000,-1'),
('D901', 0, 0, 0, '-1,-1,-1,-1,-1', '4500,7500,12500,21000,-1'),
('D902', 0, 0, 0, '-1,-1,-1,-1,-1', '4500,7500,12500,21000,-1'),
('DA01', 0, 0, 0, '-1,-1,-1,-1,-1', '500,1000,1500,2000,250'),
('DA02', 0, 0, 0, '-1,-1,-1,-1,-1', '-1,-1,-1,-1,-1'),
('DA03', 0, 0, 0, '-1,-1,-1,-1,-1', '2000,3500,6000,11000,1000'),
('DA04', 0, 0, 0, '-1,-1,-1,-1,-1', '1,1,1,1,-1'),
('DA05', 0, 0, 0, '-1,-1,-1,-1,-1', '-1,-1,-1,-1,5'),
('DA10', 0, 0, 0, '-1,-1,-1,-1,-1', '80,140,-1,390,40'),
('DA20', 0, 0, 0, '-1,-1,-1,-1,-1', '140,240,-1,690,70'),
('DB01', 0, 0, 0, '-1,-1,-1,-1,-1', '-1,-1,-1,-1,-1'),
('DB02', 1, 0, 0, '-1,-1,-1,-1,-1', '-1,2000,-1,6000,-1'),
('DB03', 1, 0, 0, '-1,-1,-1,-1,-1', '-1,3500,-1,11000,-1'),
('DB04', 1, 0, 0, '-1,-1,-1,-1,-1', '-1,1600,-1,4500,-1'),
('DB05', 1, 0, 0, '-1,-1,-1,-1,-1', '-1,3500,-1,11000,-1'),
('DB06', 1, 0, 1, '-1,-1,-1,-1,-1', '-1,-1,-1,13000,-1'),
('DB07', 0, 0, 0, '-1,-1,-1,-1,-1', '1,1,1,1,-1'),
('DB08', 0, 0, 0, '-1,-1,-1,-1,-1', '1,1,1,1,1'),
('DB09', 0, 0, 0, '-1,-1,-1,-1,-1', '1,1,1,1,1'),
('DC01', 1, 0, 0, '-1,-1,-1,-1,-1', '-1,4900,-1,16000,-1'),
('DC02', 0, 0, 0, '-1,-1,-1,-1,-1', '-1,-1,-1,-1,-1'),
('DC03', 1, 0, 0, '-1,-1,-1,-1,-1', '-1,3500,-1,11000,-1'),
('DC04', 1, 0, 1, '-1,-1,-1,-1,-1', '-1,-1,-1,33000,-1'),
('DC05', 0, 0, 1, '-1,-1,-1,-1,-1', '4200,8250,16500,33000,-1'),
('DC06', 0, 0, 0, '-1,-1,-1,-1,-1', '-1,-1,-1,-1,-1'),
('DC07', 0, 0, 0, '-1,-1,-1,-1,-1', '-1,-1,-1,-1,-1'),
('DC08', 0, 0, 0, '0,0,0,0,0', '1,1,1,1,-1'),
('DC09', 1, 0, 1, '-1,-1,-1,-1,-1', '2500,5000,9000,17000,-1'),
('DC10', 0, 0, 0, '-1,-1,-1,-1,-1', '1,1,1,1,1'),
('DC11', 0, 0, 0, '-1,-1,-1,-1,-1', '1,1,1,1,1'),
('DC12', 0, 0, 0, '-1,-1,-1,-1,-1', '1,1,1,1,1'),
('DD01', 1, 0, 0, '-1,-1,-1,-1,-1', '-1,4000,-1,13000,-1'),
('DD02', 1, 0, 0, '-1,-1,-1,-1,-1', '-1,-1,-1,22000,-1'),
('DD03', 0, 0, 0, '-1,-1,-1,-1,-1', '1,1,1,1,1'),
('DE01', 1, 0, 1, '-1,-1,-1,-1,-1', '-1,-1,-1,13000,-1'),
('DE02', 0, 0, 1, '-1,-1,-1,-1,-1', '-1,-1,-1,-1,-1'),
('DF01', 0, 0, 0, '-1,-1,-1,-1,-1', '-1,-1,-1,-1,-1'),
('DF02', 1, 0, 1, '-1,-1,-1,-1,-1', '-1,-1,-1,16000,-1'),
('DF03', 1, 0, 0, '-1,-1,-1,-1,-1', '-1,3500,-1,11000,-1'),
('DF04', 0, 0, 1, '-1,-1,-1,-1,-1', '2000,3500,6000,11000,-1'),
('DF05', 1, 0, 1, '-1,-1,-1,-1,-1', '-1,3500,-1,11000,-1'),
('DF06', 1, 0, 1, '-1,-1,-1,-1,-1', '4200,8250,16500,33000,-1'),
('DF07', 0, 0, 1, '-1,-1,-1,-1,-1', '-1,-1,-1,-1,-1'),
('DF08', 0, 0, 1, '-1,-1,-1,-1,-1', '2900,4900,8900,16000,-1'),
('DF09', 0, 0, 0, '-1,-1,-1,-1,-1', '2300,3900,7100,12800,1250'),
('DF10', 0, 0, 0, '-1,-1,-1,-1,-1', '1,1,1,1,1'),
('DF11', 0, 0, 0, '-1,-1,-1,-1,-1', '1,1,1,1,1'),
('DG01', 1, 0, 1, '-1,-1,-1,-1,-1', '-1,-1,-1,16000,-1'),
('DG02', 0, 0, 1, '-1,-1,-1,-1,-1', '-1,-1,-1,33000,-1'),
('DG03', 1, 0, 0, '-1,-1,-1,-1,-1', '-1,4500,-1,15000,-1'),
('DG04', 1, 0, 0, '-1,-1,-1,-1,-1', '-1,4500,-1,12000,-1'),
('DG05', 0, 0, 0, '-1,-1,-1,-1,-1', '-1,-1,-1,-1,-1'),
('DG06', 0, 0, 0, '-1,-1,-1,-1,-1', '-1,-1,-1,-1,-1'),
('DG07', 1, 0, 1, '-1,-1,-1,-1,-1', '-1,-1,-1,29000,-1'),
('DG08', 0, 0, 1, '-1,-1,-1,-1,-1', '4200,7300,12500,23000,-1'),
('DG09', 0, 0, 0, '-1,-1,-1,-1,-1', '1,1,1,1,1'),
('DG10', 0, 0, 0, '-1,-1,-1,-1,-1', '1,1,1,1,1'),
('DG11', 0, 0, 0, '-1,-1,-1,-1,-1', '1,1,1,1,1'),
('DG12', 0, 0, 0, '-1,-1,-1,-1,-1', '1,1,1,1,1'),
('DH01', 1, 0, 1, '-1,-1,-1,-1,-1', '4000,7000,11500,19000,-1'),
('DH02', 1, 0, 1, '-1,-1,-1,-1,-1', '4500,7500,12500,21000,-1'),
('DI01', 1, 0, 1, '-1,-1,-1,-1,-1', '2500,4000,7000,12000,-1'),
('DI02', 0, 0, 0, '-1,-1,-1,-1,-1', '1,1,1,1,1'),
('DJ01', 0, 0, 0, '-1,-1,-1,-1,-1', '-1,-1,-1,-1,-1'),
('DJ02', 0, 0, 0, '-1,-1,-1,-1,-1', '-1,-1,-1,-1,-1'),
('DJ03', 1, 0, 0, '-1,-1,-1,-1,-1', '-1,6000,-1,19000,-1'),
('DJ04', 0, 0, 0, '-1,-1,-1,-1,-1', '-1,-1,-1,-1,-1'),
('DK01', 1, 0, 0, '-1,-1,-1,-1,-1', '-1,4000,-1,12000,-1'),
('DK02', 0, 0, 0, '-1,-1,-1,-1,-1', '-1,-1,-1,-1,-1'),
('DL01', 0, 0, 0, '-1,-1,-1,-1,-1', '-1,-1,-1,-1,-1'),
('DL02', 0, 0, 0, '-1,-1,-1,-1,-1', '500,1000,1500,2000,-1'),
('DM01', 1, 0, 0, '-1,-1,-1,-1,-1', '500,1000,1500,2000,-1'),
('DN01', 0, 0, 0, '-1,-1,-1,-1,-1', '-1,-1,-1,-1,-1'),
('DO01', 1, 0, 1, '-1,-1,-1,-1,-1', '500,1000,1500,2000,-1'),
('DO02', 1, 0, 0, '-1,-1,-1,-1,-1', '3000,7000,15000,25000,-1'),
('DO03', 0, 0, 0, '-1,-1,-1,-1,-1', '-1,-1,-1,-1,-1'),
('DP01', 0, 0, 0, '-1,-1,-1,-1,-1', '-1,-1,15000,20000,-1'),
('DP02', 0, 0, 0, '-1,-1,-1,-1,-1', '-1,-1,-1,-1,-1'),
('DP03', 0, 0, 0, '-1,-1,-1,-1,-1', '-1,-1,-1,-1,-1'),
('DP04', 0, 0, 0, '-1,-1,-1,-1,-1', '-1,-1,-1,-1,-1'),
('DQ01', 0, 0, 0, '-1,-1,-1,-1,-1', '-1,-1,-1,-1,-1'),
('DQ02', 0, 0, 0, '-1,-1,-1,-1,-1', '-1,-1,-1,-1,-1'),
('DQ03', 0, 0, 0, '-1,-1,-1,-1,-1', '-1,-1,-1,-1,-1'),
('DR01', 0, 0, 0, '-1,-1,-1,-1,-1', '-1,-1,-1,-1,-1'),
('DR02', 1, 0, 0, '-1,-1,-1,-1,-1', '-1,4500,-1,15000,-1'),
('DS01', 1, 0, 0, '-1,-1,-1,-1,-1', '3600,-1,7200,8000,-1'),
('DS02', 0, 0, 0, '-1,-1,-1,-1,-1', '900,-1,1800,2800,-1'),
('DS03', 1, 0, 0, '-1,-1,-1,-1,-1', '3600,-1,7200,8000,-1'),
('DS05', 1, 0, 0, '-1,-1,-1,-1,-1', '4000,-1,12800,19600,-1'),
('DS10', 0, 0, 0, '-1,-1,-1,-1,-1', '100,180,-1,490,50'),
('DT01', 0, 0, 0, '-1,-1,-1,-1,-1', '-1,-1,-1,-1,-1'),
('DT02', 1, 0, 1, '-1,-1,-1,-1,-1', '4500,7500,12500,21000,-1'),
('DT03', 1, 0, 1, '-1,-1,-1,-1,-1', '2300,4500,9500,15000,-1'),
('DT04', 0, 0, 1, '-1,-1,-1,-1,-1', '-1,-1,-1,-1,-1'),
('DU01', 1, 0, 0, '-1,-1,-1,-1,-1', '3600,-1,7200,11200,-1'),
('DU02', 1, 0, 0, '-1,-1,-1,-1,-1', '-1,-1,8400,13200,-1'),
('DU03', 0, 0, 0, '-1,-1,-1,-1,-1', '700,-1,2100,3300,-1'),
('DV01', 1, 0, 0, '-1,-1,-1,-1,-1', '3600,-1,7200,11200,-1'),
('DW01', 0, 0, 0, '-1,-1,-1,-1,-1', '-1,-1,-1,-1,-1'),
('DW02', 0, 0, 0, '-1,-1,-1,-1,-1', '-1,-1,-1,-1,-1'),
('DW03', 0, 0, 0, '-1,-1,-1,-1,-1', '-1,-1,-1,-1,-1'),
('DW04', 0, 0, 0, '-1,-1,-1,-1,-1', '-1,-1,-1,-1,-1'),
('DX01', 1, 0, 0, '-1,-1,-1,-1,-1', '-1,3500,-1,11000,-1'),
('DX02', 0, 0, 0, '-1,-1,-1,-1,-1', '900,-1,1800,2800,-1'),
('DZ01', 0, 0, 0, '-1,-1,-1,-1,-1', '-1,-1,-1,-1,-1');

-- --------------------------------------------------------

--
-- Table structure for table `item_target_info`
--

DROP TABLE IF EXISTS `item_target_info`;
CREATE TABLE IF NOT EXISTS `item_target_info` (
  `code` varchar(4) CHARACTER SET utf8 COLLATE utf8_bin NOT NULL,
  `power` smallint(6) NOT NULL DEFAULT '-1',
  `personal` varchar(24) CHARACTER SET utf8 COLLATE utf8_bin NOT NULL DEFAULT '0,0,0',
  `surface` varchar(24) CHARACTER SET utf8 COLLATE utf8_bin NOT NULL DEFAULT '0,0,0',
  `ship` varchar(24) CHARACTER SET utf8 COLLATE utf8_bin NOT NULL DEFAULT '0,0,0',
  `air` varchar(24) CHARACTER SET utf8 COLLATE utf8_bin NOT NULL DEFAULT '0,0,0',
  PRIMARY KEY (`code`)
) ENGINE=InnoDB DEFAULT CHARSET=utf8;

--
-- Dumping data for table `item_target_info`
--

INSERT INTO `item_target_info` (`code`, `power`, `personal`, `surface`, `ship`, `air`) VALUES
('D001', 650, '100,90,80', '0,0,0', '0,0,0', '0,0,0'),
('D101', 0, '0,0,0', '0,0,0', '0,0,0', '0,0,0'),
('D501', 260, '100,80,60', '0,0,0', '0,0,0', '0,0,0'),
('D502', 340, '100,80,60', '2,0,0', '2,0,0', '2,0,0'),
('D601', 420, '100,80,60', '0,0,0', '0,0,0', '0,0,0'),
('D602', 430, '100,80,60', '0,0,0', '0,0,0', '0,0,0'),
('D701', 1000, '100,100,100', '2,0,0', '2,0,0', '2,0,0'),
('D702', 1200, '100,100,100', '50,20,0', '50,20,0', '50,20,0'),
('D801', 520, '100,80,60', '4,0,0', '2,0,0', '4,0,0'),
('D802', 400, '100,100,100', '2,0,0', '2,0,0', '2,0,0'),
('D901', 500, '100,80,60', '3,2,0', '2,0,0', '2,0,0'),
('D902', 600, '100,80,60', '8,3,1', '6,0,0', '7,6,5'),
('DA01', 400, '100,80,60', '0,0,0', '0,0,0', '0,0,0'),
('DA02', 200, '100,80,60', '0,0,0', '0,0,0', '0,0,0'),
('DA03', 400, '100,80,60', '0,0,0', '0,0,0', '0,0,0'),
('DA04', 400, '100,80,60', '0,0,0', '0,0,0', '0,0,0'),
('DA05', 200, '100,90,80', '0,0,0', '0,0,0', '0,0,0'),
('DA10', 400, '100,80,60', '0,0,0', '0,0,0', '0,0,0'),
('DA20', 500, '100,80,60', '0,0,0', '0,0,0', '0,0,0'),
('DB01', 320, '100,80,60', '0,0,0', '0,0,0', '0,0,0'),
('DB02', 520, '100,80,60', '0,0,0', '0,0,0', '0,0,0'),
('DB03', 290, '100,80,60', '0,0,0', '0,0,0', '0,0,0'),
('DB04', 520, '100,80,60', '0,0,0', '0,0,0', '0,0,0'),
('DB05', 280, '100,80,60', '0,0,0', '0,0,0', '0,0,0'),
('DB06', 400, '100,80,60', '0,0,0', '0,0,0', '0,0,0'),
('DB07', 250, '100,80,60', '0,0,0', '0,0,0', '0,0,0'),
('DB08', 280, '100,80,60', '0,0,0', '0,0,0', '0,0,0'),
('DB09', 280, '100,80,60', '0,0,0', '0,0,0', '0,0,0'),
('DC01', 500, '100,80,60', '2,0,0', '2,0,0', '2,0,0'),
('DC02', 420, '100,80,60', '2,0,0', '2,0,0', '2,0,0'),
('DC03', 430, '100,80,60', '2,0,0', '2,0,0', '2,0,0'),
('DC04', 450, '100,80,60', '2,0,0', '2,0,0', '2,0,0'),
('DC05', 500, '100,80,60', '2,0,0', '2,0,0', '2,0,0'),
('DC06', 450, '100,80,60', '2,0,0', '2,0,0', '2,0,0'),
('DC07', 500, '100,80,60', '2,0,0', '2,0,0', '2,0,0'),
('DC08', 420, '100,80,60', '0,0,0', '0,0,0', '0,0,0'),
('DC09', 380, '100,80,60', '0,0,0', '0,0,0', '0,0,0'),
('DC10', 430, '100,80,60', '0,0,0', '0,0,0', '0,0,0'),
('DC11', 420, '100,80,60', '0,0,0', '0,0,0', '0,0,0'),
('DC12', 435, '100,80,60', '0,0,0', '0,0,0', '0,0,0'),
('DD01', 340, '100,80,60', '2,0,0', '2,0,0', '2,0,0'),
('DD02', 340, '100,80,60', '2,0,0', '2,0,0', '2,0,0'),
('DD03', 340, '100,80,60', '0,0,0', '0,0,0', '0,0,0'),
('DE01', 400, '100,100,100', '2,0,0', '2,0,0', '2,0,0'),
('DE02', 400, '100,100,100', '2,0,0', '2,0,0', '2,0,0'),
('DF01', 400, '100,80,60', '0,0,0', '0,0,0', '0,0,0'),
('DF02', 380, '100,80,60', '0,0,0', '0,0,0', '0,0,0'),
('DF03', 435, '100,80,60', '0,0,0', '0,0,0', '0,0,0'),
('DF04', 420, '100,80,60', '0,0,0', '0,0,0', '0,0,0'),
('DF05', 450, '100,80,60', '2,0,0', '2,0,0', '2,0,0'),
('DF06', 430, '100,80,60', '0,0,0', '0,0,0', '0,0,0'),
('DF07', 260, '100,80,60', '0,0,0', '0,0,0', '0,0,0'),
('DF08', 370, '100,80,60', '0,0,0', '0,0,0', '0,0,0'),
('DF09', 260, '100,80,60', '0,0,0', '0,0,0', '0,0,0'),
('DF10', 420, '100,80,60', '0,0,0', '0,0,0', '0,0,0'),
('DF11', 420, '100,80,60', '0,0,0', '0,0,0', '0,0,0'),
('DG01', 800, '100,100,100', '2,0,0', '2,0,0', '2,0,0'),
('DG02', 1200, '100,100,100', '50,20,0', '50,20,0', '50,20,0'),
('DG03', 400, '100,90,80', '2,0,0', '2,0,0', '2,0,0'),
('DG04', 900, '100,100,100', '2,0,0', '2,0,0', '2,0,0'),
('DG05', 850, '100,100,100', '2,0,0', '2,0,0', '2,0,0'),
('DG06', 1000, '100,100,100', '2,0,0', '2,0,0', '2,0,0'),
('DG07', 1000, '100,100,100', '2,0,0', '2,0,0', '2,0,0'),
('DG08', 1000, '100,100,100', '25,10,0', '25,10,0', '35,10,0'),
('DG09', 1000, '100,100,100', '0,0,0', '0,0,0', '0,0,0'),
('DG10', 1000, '100,100,100', '0,0,0', '0,0,0', '0,0,0'),
('DG11', 1000, '100,100,100', '0,0,0', '0,0,0', '0,0,0'),
('DG12', 1000, '100,100,100', '0,0,0', '0,0,0', '0,0,0'),
('DH01', 520, '100,80,60', '4,0,0', '2,0,0', '4,0,0'),
('DH02', 500, '100,80,60', '3,2,0', '2,0,0', '2,0,0'),
('DI01', 400, '100,90,80', '2,0,0', '2,0,0', '2,0,0'),
('DI02', 400, '100,90,80', '2,0,0', '2,0,0', '2,0,0'),
('DJ01', 1200, '75,65,50', '100,100,100', '80,20,20', '60,50,35'),
('DJ02', 500, '90,80,70', '100,100,100', '80,20,20', '80,50,20'),
('DJ03', 1490, '75,65,50', '100,100,100', '80,20,20', '80,50,40'),
('DJ04', 500, '90,80,70', '100,100,100', '80,20,20', '80,50,20'),
('DK01', 1000, '70,60,50', '80,60,40', '80,20,20', '200,130,81'),
('DK02', 500, '90,80,70', '80,60,40', '80,20,20', '100,100,100'),
('DL01', 2000, '50,0,0', '100,100,100', '0,0,0', '0,0,0'),
('DL02', 0, '0,0,0', '0,0,0', '0,0,0', '0,0,0'),
('DM01', 1000, '100,90,80', '90,75,50', '40,30,20', '40,30,20'),
('DN01', 1000, '100,90,80', '90,75,50', '40,30,20', '40,30,20'),
('DO01', 0, '0,0,0', '0,0,0', '0,0,0', '0,0,0'),
('DO02', 0, '0,0,0', '0,0,0', '0,0,0', '0,0,0'),
('DO03', 0, '0,0,0', '0,0,0', '0,0,0', '0,0,0'),
('DP01', 1200, '100,90,80', '0,0,0', '0,0,0', '0,0,0'),
('DP02', 0, '0,0,0', '0,0,0', '0,0,0', '0,0,0'),
('DP03', 200, '100,100,100', '0,0,0', '0,0,0', '0,0,0'),
('DP04', 6000, '100,100,100', '50,40,30', '20,10,0', '50,40,30'),
('DQ01', 500, '0,0,0', '0,0,0', '0,0,0', '0,0,0'),
('DQ02', 500, '0,0,0', '0,0,0', '0,0,0', '0,0,0'),
('DQ03', 500, '0,0,0', '0,0,0', '0,0,0', '0,0,0'),
('DR01', 0, '0,0,0', '0,0,0', '0,0,0', '0,0,0'),
('DR02', 0, '0,0,0', '0,0,0', '0,0,0', '0,0,0'),
('DS01', 1000, '0,0,0', '0,0,0', '0,0,0', '0,0,0'),
('DS02', 0, '0,0,0', '0,0,0', '0,0,0', '0,0,0'),
('DS03', 1000, '0,0,0', '0,0,0', '0,0,0', '0,0,0'),
('DS05', 0, '0,0,0', '0,0,0', '0,0,0', '0,0,0'),
('DS10', 1000, '0,0,0', '0,0,0', '0,0,0', '0,0,0'),
('DT01', 460, '100,80,60', '7,3,1', '2,0,0', '2,0,0'),
('DT02', 600, '100,80,60', '8,3,1', '6,0,0', '7,6,5'),
('DT03', 1000, '100,80,60', '100,80,60', '100,80,20', '100,60,20'),
('DT04', 1000, '100,80,60', '100,80,60', '100,80,20', '100,60,20'),
('DU01', 200, '0,0,0', '0,0,0', '0,0,0', '0,0,0'),
('DU02', 200, '100,100,100', '0,0,0', '0,0,0', '0,0,0'),
('DU03', 200, '100,100,100', '0,0,0', '0,0,0', '0,0,0'),
('DV01', 500, '0,0,0', '0,0,0', '0,0,0', '0,0,0'),
('DW01', 1000, '100,80,60', '100,80,20', '100,20,0', '0,0,0'),
('DW02', 0, '0,0,0', '0,0,0', '0,0,0', '0,0,0'),
('DW03', 0, '0,0,0', '0,0,0', '0,0,0', '0,0,0'),
('DW04', 700, '0,0,0', '100,100,100', '100,100,100', '100,100,100'),
('DX01', 0, '0,0,0', '0,0,0', '0,0,0', '0,0,0'),
('DX02', 0, '0,0,0', '0,0,0', '0,0,0', '0,0,0'),
('DZ01', 200, '0,0,0', '0,0,0', '0,0,0', '0,0,0');

-- --------------------------------------------------------

--
-- Table structure for table `item_weapons`
--

DROP TABLE IF EXISTS `item_weapons`;
CREATE TABLE IF NOT EXISTS `item_weapons` (
  `id` smallint(5) unsigned NOT NULL,
  `code` varchar(4) CHARACTER SET utf8 COLLATE utf8_bin NOT NULL,
  `active` tinyint(1) NOT NULL DEFAULT '0',
  `name` varchar(50) CHARACTER SET utf8 COLLATE utf8_bin NOT NULL,
  PRIMARY KEY (`id`)
) ENGINE=InnoDB DEFAULT CHARSET=utf8;

--
-- Dumping data for table `item_weapons`
--

INSERT INTO `item_weapons` (`id`, `code`, `active`, `name`) VALUES
(0, 'DA01', 0, 'DA_M7'),
(1, 'DA02', 1, 'DA_KNUCKLE'),
(2, 'DA03', 0, 'DA_STILETTO'),
(3, 'DA04', 0, 'DA_SWORD'),
(4, 'DA05', 0, 'DA_KNUCKLE_2'),
(5, 'DA10', 0, 'DA_STILETTO_JP'),
(6, 'DA20', 0, 'DA_SWORD_JP'),
(7, 'DB01', 1, 'DB_COLT'),
(8, 'DB02', 1, 'DB_DESERT_EG'),
(9, 'DB03', 1, 'DB_MP5K'),
(10, 'DB04', 1, 'DB_MAGNUM'),
(11, 'DB05', 1, 'DB_GLOCK'),
(12, 'DB06', 1, 'DB_BERETTA_D'),
(13, 'DB07', 0, 'DB_THROWING_KNIFE'),
(14, 'DB08', 0, 'DB_MICRO_UZI'),
(15, 'DB09', 0, 'DB_BERETTA_M93R'),
(16, 'DC01', 1, 'DC_AK47'),
(17, 'DC02', 1, 'DC_K2'),
(18, 'DC03', 1, 'DC_M4A1'),
(19, 'DC04', 1, 'DC_FAMAS'),
(20, 'DC05', 1, 'DC_L85A1'),
(21, 'DC06', 0, 'DC_XM8'),
(22, 'DC07', 0, 'DC_TYPE89'),
(23, 'DC08', 0, 'DC_SIG550'),
(24, 'DC09', 1, 'DC_TAR_21'),
(25, 'DC10', 0, 'DC_M16A4'),
(26, 'DC11', 0, 'DC_AN94'),
(27, 'DC12', 0, 'DC_HK417'),
(28, 'DD01', 1, 'DD_G36C'),
(29, 'DD02', 1, 'DD_G36C_D'),
(30, 'DD03', 0, 'DD_AKS74U'),
(31, 'DE01', 1, 'DE_G36'),
(32, 'DE02', 0, 'DE_G36_D'),
(33, 'DF01', 1, 'DF_MP5'),
(34, 'DF02', 1, 'DF_P90'),
(35, 'DF03', 1, 'DF_UZI'),
(36, 'DF04', 1, 'DF_TMP9'),
(37, 'DF05', 1, 'DF_K1'),
(38, 'DF06', 1, 'DF_MP7A1'),
(39, 'DF07', 1, 'DF_SCORPION_D'),
(40, 'DF08', 1, 'DF_Spectre_M4'),
(41, 'DF09', 0, 'DF_MAC10'),
(42, 'DF10', 0, 'DF_UMP45'),
(43, 'DF11', 0, 'DF_CX4STORM'),
(44, 'DG01', 1, 'DG_PSG_1'),
(45, 'DG02', 1, 'DG_BARRETT_M82'),
(46, 'DG03', 1, 'DG_AUG'),
(47, 'DG04', 1, 'DG_SSG'),
(48, 'DG05', 1, 'DG_M24'),
(49, 'DG06', 0, 'DG_DRAGUNOV_SVD'),
(50, 'DG07', 1, 'DG_AI_AW'),
(51, 'DG08', 1, 'DG_AW50F'),
(52, 'DG09', 0, 'DG_M21'),
(53, 'DG10', 0, 'DG_WA2000'),
(54, 'DG11', 0, 'DG_SR25'),
(55, 'DG12', 0, 'DG_M40A1'),
(56, 'DH01', 1, 'DH_M60'),
(57, 'DH02', 1, 'DH_M249'),
(58, 'DI01', 1, 'DI_WINCHESTER_1300'),
(59, 'DI02', 0, 'DI_M4SUPER90'),
(60, 'DJ01', 1, 'DJ_PZF_3'),
(61, 'DJ02', 0, 'DJ_M136AT_4'),
(62, 'DJ03', 1, 'DJ_RPG_7'),
(63, 'DJ04', 0, 'DJ_JAVELIN'),
(64, 'DK01', 1, 'DK_STINGER'),
(65, 'DK02', 0, 'DK_SG'),
(66, 'DL01', 1, 'DL_TMA_1A'),
(67, 'DL02', 0, 'DL_HA_SUPPLY'),
(68, 'DM01', 1, 'DM_K400_GRENADE'),
(69, 'DN01', 1, 'DN_K400_GRENADE_ASSULT'),
(70, 'DO01', 1, 'DO_SMOKE_G'),
(71, 'DO02', 1, 'DO_FLASH_BANG_1'),
(72, 'DO03', 0, 'DO_FLASH_BANG_2'),
(73, 'DP01', 0, 'DP_CLAYMORE'),
(74, 'DP02', 0, 'DP_CLAYMORE_SWITCH'),
(75, 'DP03', 0, 'DP_PDA'),
(76, 'DP04', 0, 'DP_SWITCH_C4'),
(77, 'DQ01', 1, 'DQ_MEDIC_KIT_1'),
(78, 'DQ02', 0, 'DQ_MEDIC_KIT_2'),
(79, 'DQ03', 0, 'DQ_MEDIC_KIT_3'),
(80, 'DR01', 1, 'DR_SPANNER'),
(81, 'DR02', 1, 'DR_PIPE_WRENCH'),
(82, 'DS01', 1, 'DS_ADRENALINE'),
(83, 'DS02', 1, 'DS_PARACHUTE'),
(84, 'DS03', 1, 'DS_STAMINA'),
(85, 'DS10', 0, 'DS_HP_KIT'),
(86, 'DX02', 0, 'DS_DETECTOR'),
(87, 'DX01', 1, 'DS_TELESCOPE'),
(88, 'DS05', 1, 'DS_FLASH_MINE'),
(89, 'DT01', 0, 'DT_MG3'),
(90, 'DT02', 1, 'DT_M134'),
(91, 'DT03', 1, 'DT_MK1S'),
(92, 'DT04', 1, 'DT_HK69'),
(93, 'DU01', 1, 'DU_AMMO_BOX'),
(94, 'DU02', 1, 'DU_M14'),
(95, 'DU03', 0, 'DU_TEARGAS'),
(96, 'DV01', 1, 'DV_MEDIC_BOX'),
(97, 'DW01', 0, 'DW_K203'),
(98, 'DW02', 0, 'DW_TELESCOPE'),
(99, 'DW03', 0, 'DW_SILENCER'),
(100, 'DW04', 0, 'DU_NIPPERS'),
(101, 'DZ01', 0, 'DZ_HA_SUPPLY'),
(102, 'D001', 1, 'D0_DRUM_PIECE'),
(103, 'D101', 1, 'D1_SLOT_CHG_6TH'),
(104, 'D501', 0, 'D5_SCORPION_D'),
(105, 'D502', 0, 'D5_G36C_D'),
(106, 'D601', 0, 'D6_TMP9'),
(107, 'D602', 0, 'D6_MP7A1'),
(108, 'D701', 0, 'D7_AI_AW'),
(109, 'D702', 0, 'D7_BARRETT_M82'),
(110, 'D801', 0, 'D8_M60'),
(111, 'D802', 0, 'D8_G36'),
(112, 'D901', 0, 'D9_M249'),
(113, 'D902', 0, 'D9_M134');

-- --------------------------------------------------------

--
-- Table structure for table `map_data`
--

DROP TABLE IF EXISTS `map_data`;
CREATE TABLE IF NOT EXISTS `map_data` (
  `id` tinyint(1) NOT NULL,
  `name` varchar(255) CHARACTER SET utf8 COLLATE utf8_bin NOT NULL DEFAULT '',
  `flag_count` tinyint(1) DEFAULT '2',
  `flag_state` varchar(8) CHARACTER SET utf8 COLLATE utf8_bin NOT NULL,
  `channels` varchar(8) CHARACTER SET utf8 COLLATE utf8_bin NOT NULL DEFAULT 'F,F,F,F',
  `gamemode` varchar(12) CHARACTER SET utf8 COLLATE utf8_bin NOT NULL DEFAULT 'F,T,T,0,F',
  `restriction_pay_type` enum('0','1','2','3') CHARACTER SET utf8 COLLATE utf8_bin NOT NULL DEFAULT '0' COMMENT '0 = Free, 1+ = Premium',
  PRIMARY KEY (`id`)
) ENGINE=InnoDB DEFAULT CHARSET=utf8;

--
-- Dumping data for table `map_data`
--

INSERT INTO `map_data` (`id`, `name`, `flag_count`, `flag_state`, `channels`, `gamemode`, `restriction_pay_type`) VALUES
(0, 'Montana', 3, '0-2', 'F,T,F,F', 'F,T,T,0,F', '0'),
(1, 'Harbor Ida', 4, '1-0', 'F,T,F,F', 'F,T,T,16,F', '0'),
(2, 'Emblem', 5, '0-1', 'F,T,T,F', 'F,T,T,0,F', '0'),
(3, 'Havana', 6, '3-2', 'F,T,T,F', 'F,T,T,0,F', '0'),
(4, 'Ohara', 5, '0-1', 'F,F,T,F', 'F,T,T,0,F', '0'),
(5, 'Ravello', 4, '2-0', 'F,T,F,F', 'F,T,T,16,F', '0'),
(6, 'Ravello 2nd St.', 4, '2-0', 'F,T,F,F', 'F,T,T,16,F', '0'),
(7, 'Engrene', 12, '0-5', 'F,F,T,F', 'F,T,T,0,F', '0'),
(8, 'Pargona', 10, '0-1', 'F,F,T,F', 'F,T,T,0,F', '0'),
(9, 'Pargona East', 10, '9-0', 'F,F,T,F', 'F,T,T,0,F', '1'),
(10, 'Harbor Elia', 5, '4-1', 'F,T,F,F', 'F,T,T,16,F', '1'),
(11, 'Conturas', 10, '1-0', 'F,F,T,F', 'F,T,T,0,F', '1'),
(12, 'Marien', 2, '1-0', 'T,F,F,F', 'T,F,F,8,F', '0'),
(13, 'Cadoro', 2, '0-1', 'T,F,F,F', 'T,F,F,8,F', '0'),
(14, 'Velruf', 2, '1-0', 'T,F,F,F', 'T,F,F,8,F', '0'),
(15, 'Xauen', 2, '1-0', 'T,F,F,F', 'T,F,F,8,F', '1'),
(16, 'Cantumira', 7, '0-1', 'F,T,T,F', 'F,T,T,0,F', '1'),
(17, 'Khyber', 2, '0-1', 'T,F,F,F', 'T,F,F,8,F', '1'),
(18, 'Zakhar', 5, '0-1', 'F,T,T,F', 'F,T,T,0,F', '0'),
(19, 'Karaqum', 2, '1-0', 'T,F,F,F', 'T,F,F,8,F', '1'),
(20, 'Alberon', 2, '0-1', 'F,T,F,F', 'F,T,F,0,F', '1'),
(21, 'Nerbil', 2, '0-1', 'F,T,F,F', 'F,T,F,0,F', '1'),
(22, 'Bloc', 2, '1-0', 'T,F,F,F', 'T,F,F,8,F', '0'),
(23, 'Khali', 2, '1-0', 'T,F,F,F', 'T,F,F,8,F', '1'),
(24, 'BlocHalloween', 2, '1-0', 'T,F,F,F', 'T,F,F,8,F', '1'),
(25, 'Bandar', 7, '0-1', 'F,F,T,F', 'F,T,T,0,F', '1'),
(26, 'Vitious', 2, '0-1', 'F,T,F,F', 'F,T,F,0,F', '1'),
(27, 'Odyssey', 2, '1-0', 'F,T,F,F', 'F,T,F,0,F', '1'),
(28, 'Red Clover', 2, '1-0', 'T,F,F,F', 'F,T,F,0,F', '1'),
(29, 'Cold Cave', 2, '0-1', 'T,F,F,F', 'F,T,F,0,F', '1'),
(30, 'Rusty Nails', 2, '0-1', 'T,F,F,F', 'F,T,F,0,F', '1'),
(31, 'Cloud Forest', 4, '1-0', 'F,T,T,F', 'F,T,T,0,F', '1'),
(32, 'Crater', 8, '5-0', 'F,F,T,F', 'F,T,T,0,F', '1'),
(33, 'BlueStorm', 2, '0-1', 'T,F,F,F', 'F,T,F,0,F', '1'),
(34, 'Beringia', 2, '0-1', 'T,F,F,F', 'T,F,F,8,F', '1');

-- --------------------------------------------------------

--
-- Table structure for table `users`
--

DROP TABLE IF EXISTS `users`;
CREATE TABLE IF NOT EXISTS `users` (
  `id` int(10) unsigned NOT NULL AUTO_INCREMENT,
  `name` varchar(16) NOT NULL,
  `password` varchar(32) NOT NULL,
  `displayname` varchar(16) NOT NULL,
  `salt` varchar(16) NOT NULL,
  PRIMARY KEY (`id`)
) ENGINE=InnoDB DEFAULT CHARSET=utf8 AUTO_INCREMENT=1 ;

-- --------------------------------------------------------

--
-- Table structure for table `user_details`
--

DROP TABLE IF EXISTS `user_details`;
CREATE TABLE IF NOT EXISTS `user_details` (
  `id` int(10) unsigned NOT NULL,
  `kills` int(10) unsigned NOT NULL DEFAULT '0',
  `deaths` int(10) unsigned NOT NULL DEFAULT '0',
  `headshots` int(10) unsigned NOT NULL DEFAULT '0',
  `xp` bigint(20) unsigned NOT NULL DEFAULT '0',
  `money` int(10) unsigned NOT NULL DEFAULT '50000',
  `premium` tinyint(3) unsigned NOT NULL DEFAULT '0',
  `premium_expiredate` bigint(20) unsigned NOT NULL DEFAULT '0',
  `play_time` int(10) unsigned NOT NULL DEFAULT '0',
  `rounds_played` int(10) unsigned NOT NULL DEFAULT '0',
  `bombs_planted` int(10) unsigned NOT NULL DEFAULT '0',
  `bombs_defused` int(10) unsigned NOT NULL DEFAULT '0',
  UNIQUE KEY `id` (`id`)
) ENGINE=InnoDB DEFAULT CHARSET=utf8;

-- --------------------------------------------------------

--
-- Table structure for table `user_equipment`
--

DROP TABLE IF EXISTS `user_equipment`;
CREATE TABLE IF NOT EXISTS `user_equipment` (
  `owner` int(10) unsigned NOT NULL,
  `class1` varchar(40) CHARACTER SET utf8 COLLATE utf8_bin NOT NULL DEFAULT 'DA02,DB01,DF01,DR01,^,^,^,^',
  `class2` varchar(40) CHARACTER SET utf8 COLLATE utf8_bin NOT NULL DEFAULT 'DA02,DB01,DF01,DQ01,^,^,^,^',
  `class3` varchar(40) CHARACTER SET utf8 COLLATE utf8_bin NOT NULL DEFAULT 'DA02,DB01,DG05,DN01,^,^,^,^',
  `class4` varchar(40) CHARACTER SET utf8 COLLATE utf8_bin NOT NULL DEFAULT 'DA02,DB01,DC02,DN01,^,^,^,^',
  `class5` varchar(40) CHARACTER SET utf8 COLLATE utf8_bin NOT NULL DEFAULT 'DA02,DB01,DJ01,DL01,^,^,^,^',
  UNIQUE KEY `owner` (`owner`)
) ENGINE=InnoDB DEFAULT CHARSET=utf8;

-- --------------------------------------------------------

--
-- Table structure for table `user_inventory`
--

DROP TABLE IF EXISTS `user_inventory`;
CREATE TABLE IF NOT EXISTS `user_inventory` (
  `id` int(10) unsigned NOT NULL AUTO_INCREMENT,
  `owner` int(10) unsigned NOT NULL,
  `code` varchar(4) CHARACTER SET utf8 COLLATE utf8_bin NOT NULL,
  `startdate` int(10) unsigned NOT NULL,
  `length` int(10) unsigned NOT NULL,
  `price` int(10) unsigned NOT NULL,
  `expired` tinyint(1) NOT NULL DEFAULT '0',
  `deleted` tinyint(1) NOT NULL DEFAULT '0',
  PRIMARY KEY (`id`),
  UNIQUE KEY `id` (`id`)
) ENGINE=InnoDB DEFAULT CHARSET=utf8 AUTO_INCREMENT=1 ;

/*!40101 SET CHARACTER_SET_CLIENT=@OLD_CHARACTER_SET_CLIENT */;
/*!40101 SET CHARACTER_SET_RESULTS=@OLD_CHARACTER_SET_RESULTS */;
/*!40101 SET COLLATION_CONNECTION=@OLD_COLLATION_CONNECTION */;
